Category,Barcode_ID,Specificity,Clone,Check,Barcode,Application,Marker description,Conv T cells,Treg,NK,ILC1,B cell,Plasma cell,macs
TotalSeq&trade;-A,32,CD154,24-31,,GCTAGATAGATGCAA,CITESEQ,,,,,,,,
TotalSeq&trade;-A,34,CD3,UCHT1,,CTCATTGTAACTCCT,CITESEQ,,,,,,,,
TotalSeq&trade;-A,45,CD4,SK3,,GAGGTTAGTGATGGA,CITESEQ,,,,,,,,
TotalSeq&trade;-A,46,CD8,SK1,,GCGCAACTTGATGAT,CITESEQ,,,,,,,,
TotalSeq&trade;-A,47,CD56,5.1H11,,TCCTTTCCTGATAGG,CITESEQ,,,,,,,,
TotalSeq&trade;-A,50,CD19,HIB19,,CTGGGCAATTACTCG,CITESEQ,,,,,,,,
TotalSeq&trade;-A,51,CD14,63D3,,CAATCAGACCTATGA,CITESEQ,monocye/macro,,,,,,,
TotalSeq&trade;-A,52,CD33,P67.6,,TAACTCAGGGCCTAT,CITESEQ,,,,,,,,
TotalSeq&trade;-A,53,CD11c,S-HCL-3,,TACGCCTATAACTTG,CITESEQ,myeloid marker,,,,,,,
TotalSeq&trade;-A,54,CD34,581,,GCAGAAATCTCCCTT,CITESEQ,CMV latency reservoir,,,,,,,
TotalSeq&trade;-A,55,CD138,MI15,,ACTCTTTCGTTTACG,CITESEQ,,,,,,,,
TotalSeq&trade;-A,61,CD117 (c-kit),104D2,,AGACTAATAGCTGAC,CITESEQ,,,,,,,,
TotalSeq&trade;-A,62,CD10,HI10a,,CAGCCATTCATTAGG,CITESEQ,nk,,,,,,,
TotalSeq&trade;-A,63,CD45RA,HI100,,TCAATCCTTCCGCTT,CITESEQ,Tc memory,,,,,,,
TotalSeq&trade;-A,66,CD7,CD7-6B7,,TGGATTCCCGGACTT,CITESEQ,,,,,,,,
TotalSeq&trade;-A,84,CD56,QA17A16,,TTCGCCGCATTGAGT,CITESEQ,,,,,,,,
TotalSeq&trade;-A,87,CD45RO,UCHL1,,CTCCGAATCATGTTG,CITESEQ,,,,,,,,
TotalSeq&trade;-A,88,CD279 (PD-1),EH12.2H7,,ACAGCGCCGTATTTA,CITESEQ,,,,,,,,
TotalSeq&trade;-A,100,CD20,2H7,,TTCTGGGTCCCTAGA,CITESEQ,Bcell,,,,,,,
TotalSeq&trade;-A,101,CD335 (NKp46),9.00E+02,,ACAATTTGAACAGCG,CITESEQ,,,,,,,,
TotalSeq&trade;-A,123,CD326 (Ep-CAM),9C4,,TTCCGAGCAAGTATC,CITESEQ,,,,,,,,
TotalSeq&trade;-A,139,TCR &gamma;/&delta;,B1,,CTTCCGATTCATTCA,CITESEQ,,,,,,,,
TotalSeq&trade;-A,146,CD69,FN50,,GTCTCTTGGCTTAAA,CITESEQ,NK  ,,,,,,,
TotalSeq&trade;-A,147,CD62L,DREG-56,,GTCCCTGCAACTTGA,CITESEQ,,,,,,,,
TotalSeq&trade;-A,148,CD197 (CCR7),G043H7,,AGTTCAGTCAACCGA,CITESEQ,,,,,,,,
TotalSeq&trade;-A,149,CD161,HP-3G10,,GTACGCAGTCCTTCT,CITESEQ,NK,,,,,,,
TotalSeq&trade;-A,151,CD152 (CTLA-4),BNI3,,ATGGTTCACGTAATC,CITESEQ,,,,,,,,
TotalSeq&trade;-A,153,KLRG1 (MAFA),SA231A2,,CTTATTTCCTGCCCT,CITESEQ,,,,,,,,
TotalSeq&trade;-A,154,CD27,O323,,GCACTCCTGCATGTA,CITESEQ,,,,,,,,
TotalSeq&trade;-A,156,CD95,DX2,,CCAGCTCATTAGAGC,CITESEQ,,,,,,,,
TotalSeq&trade;-A,158,CD134,Ber-ACT35,,AACCCACCGTTGTTA,CITESEQ,,,,,,,,
TotalSeq&trade;-A,159,HLA-DR,L243,,AATAGCGAGCAAGTA,CITESEQ,,,,,,,,
TotalSeq&trade;-A,161,CD11b,ICRF44,,GACAAGTGATCTGCA,CITESEQ,myeloid marker (LESS SPECIFIC THAN 11C),,,,,,,
TotalSeq&trade;-A,163,CD141,M80,,GGATAACCGCGCTTT,CITESEQ,,,,,,,,
TotalSeq&trade;-A,165,CD314 (NKG2D) ,1D11,,CGTGTTTGTTCCTCA,CITESEQ,exhaustion,,,,,,,
TotalSeq&trade;-A,168,CD57,QA17A04,,AACTCCCTATGGAGG,CITESEQ,NK and mono (non-specific),,,,,,,
TotalSeq&trade;-A,169,CD366 (Tim-3),F38-2E2,,TGTCCTACCCAACTT,CITESEQ,,,,,,,,
TotalSeq&trade;-A,171,CD278 (ICOS) ,C398.4A,,CGCGCACCCATTAAA,CITESEQ,,,,,,,,
TotalSeq&trade;-A,173,CD206 (MMR),C068C2,,TCAACTCGGTGTTGC,CITESEQ,,,,,,,,
TotalSeq&trade;-A,175,CD96,NK92.39,,TGGCCTATAAATGGT,CITESEQ,,,,,,,,
TotalSeq&trade;-A,180,CD24,ML5,,AGATTCCTTCGTGTT,CITESEQ,,,,,,,,
TotalSeq&trade;-A,181,CD21,Bu32,,AACCTAGTAGTTCGG,CITESEQ,,,,,,,,
TotalSeq&trade;-A,189,CD244 (2B4),C1.7,,TCGCTTGGATGGTAG,CITESEQ,exhaustion,,,,,,,
TotalSeq&trade;-A,358,CD163,GHI/61,,GCTTCTCCTTCCTTA,CITESEQ,,,,,,,,
TotalSeq&trade;-A,368,CD226 (DNAM-1),11A8,,TCTCAGTGTTTGTGG,CITESEQ,exhaustion,,,,,,,
TotalSeq&trade;-A,370,CD303 (BDCA-2),201A,,GAGATGTCCGAATTT,CITESEQ,plasmacytoid DC specific,,,,,,,
TotalSeq&trade;-A,371,CD49b,P1E6-C5,,GCTTTCTTCAGTATG,CITESEQ,NK and mono (non-specific),,,,,,,
TotalSeq&trade;-A,389,CD38,HIT2,,TGTACCCGCTTGTGA,CITESEQ,NK and mono (non-specific),,,,,,,
TotalSeq&trade;-A,390,CD127 (IL-7R&alpha;),A019D5,,GTGTGTTGTCCTATG,CITESEQ,,,,,,,,
TotalSeq&trade;-A,391,CD45,HI30,,TGCAATTACCCGGAT,CITESEQ,,,,,,,,
TotalSeq&trade;-A,83,CD16,3G8,,AAGTTCACTCTTTGC,CITESEQ,,,,,,,,
