GCTAGATAGATGCAA,CD154
CTCATTGTAACTCCT,CD3
GAGGTTAGTGATGGA,CD4
GCGCAACTTGATGAT,CD8
TCCTTTCCTGATAGG,CD56
CTGGGCAATTACTCG,CD19
CAATCAGACCTATGA,CD14
TAACTCAGGGCCTAT,CD33
TACGCCTATAACTTG,CD11c
GCAGAAATCTCCCTT,CD34
ACTCTTTCGTTTACG,CD138
AGACTAATAGCTGAC,CD117_c_kit
CAGCCATTCATTAGG,CD10
TCAATCCTTCCGCTT,CD45RA
TGGATTCCCGGACTT,CD7
TTCGCCGCATTGAGT,CD56
CTCCGAATCATGTTG,CD45RO
ACAGCGCCGTATTTA,CD279_PD_1
TTCTGGGTCCCTAGA,CD20
ACAATTTGAACAGCG,CD335_NKp46
TTCCGAGCAAGTATC,CD326_Ep_CAM
CTTCCGATTCATTCA,TCR_gammadelta
GTCTCTTGGCTTAAA,CD69
GTCCCTGCAACTTGA,CD62L
AGTTCAGTCAACCGA,CD197_CCR7
GTACGCAGTCCTTCT,CD161
ATGGTTCACGTAATC,CD152_CTLA_4
CTTATTTCCTGCCCT,KLRG1_MAFA
GCACTCCTGCATGTA,CD27
CCAGCTCATTAGAGC,CD95
AACCCACCGTTGTTA,CD134
AATAGCGAGCAAGTA,HLA_DR
GACAAGTGATCTGCA,CD11b
GGATAACCGCGCTTT,CD141
CGTGTTTGTTCCTCA,CD314_NKG2D
AACTCCCTATGGAGG,CD57
TGTCCTACCCAACTT,CD366_Tim_3
CGCGCACCCATTAAA,CD278_ICOS
TCAACTCGGTGTTGC,CD206_MMR
TGGCCTATAAATGGT,CD96
AGATTCCTTCGTGTT,CD24
AACCTAGTAGTTCGG,CD21
TCGCTTGGATGGTAG,CD244_2B4
GCTTCTCCTTCCTTA,CD163
TCTCAGTGTTTGTGG,CD226_DNAM_1
GAGATGTCCGAATTT,CD303_BDCA_2
GCTTTCTTCAGTATG,CD49b
TGTACCCGCTTGTGA,CD38
GTGTGTTGTCCTATG,CD127_IL_7Ralpha
TGCAATTACCCGGAT,CD45
AAGTTCACTCTTTGC,CD16
